"variable","PIP"
"x9",0.99
"x8",0.90125
"x11",0.88375
"x16",0.79875
"x15",0.75125
"x4",0.7275
"x7",0.725
"x5",0.7175
"x19",0.7075
"x20",0.66125
"x17",0.66
"x12",0.64625
"x2",0.5925
"x10",0.59
"x1",0.58125
"x13",0.57625
"x14",0.5725
"x6",0.565
"x3",0.5625
"x18",0.52625
